"Município de residência";"Jan";"Fev";"Mar";"Abr";"Mai";"Jun";"Jul";"Ago";"Set";"Out";"Nov";"Dez";"Total"
"110060 Cacaulândia";-;1;-;-;-;-;-;-;-;-;-;-;1
"110070 Campo Novo de Rondônia";1;-;-;-;-;-;-;-;-;-;-;-;1
"110080 Candeias do Jamari";-;-;1;-;-;-;-;-;-;-;-;-;1
"110092 Chupinguaia";-;-;1;-;-;-;-;-;-;-;-;-;1
"110094 Cujubim";-;1;-;-;-;-;-;-;-;-;-;-;1
"110011 Jaru";-;-;1;1;-;-;-;-;-;-;-;-;2
"110013 Machadinho D'Oeste";-;1;-;-;-;-;-;-;-;-;-;-;1
"110018 Pimenta Bueno";1;-;-;-;-;-;-;-;-;-;-;-;1
"110020 Porto Velho";-;-;2;1;-;-;-;-;-;-;-;1;4
"110025 Presidente Médici";-;-;-;-;-;-;-;-;-;-;-;1;1
"120010 Brasiléia";-;-;1;-;-;-;-;-;-;-;-;-;1
"120020 Cruzeiro do Sul";3;4;8;-;-;-;-;-;-;-;-;-;15
"120030 Feijó";1;1;-;-;-;-;-;-;-;-;-;-;2
"120033 Mâncio Lima";-;-;1;1;-;1;-;-;-;-;-;-;3
"120035 Marechal Thaumaturgo";-;-;-;1;-;-;-;-;-;-;-;-;1
"120038 Plácido de Castro";-;-;-;-;-;-;-;-;-;-;-;1;1
"120039 Porto Walter";1;-;-;-;-;-;-;-;-;-;-;-;1
"120040 Rio Branco";5;1;5;1;1;-;-;-;-;-;-;1;14
"120042 Rodrigues Alves";1;-;-;-;-;-;-;-;-;-;-;-;1
"120060 Tarauacá";-;-;-;1;-;-;-;-;-;-;-;-;1
"120070 Xapuri";1;-;-;-;-;-;-;-;-;-;-;-;1
"130010 Anori";1;1;-;-;-;-;-;-;-;-;-;-;2
"130180 Ipixuna";-;-;-;-;1;-;-;-;-;-;-;-;1
"130240 Lábrea";-;-;-;1;-;-;-;-;-;-;-;-;1
"130250 Manacapuru";-;-;-;-;1;-;-;-;-;-;-;-;1
"130260 Manaus";3;2;2;8;3;-;-;-;-;-;-;1;19
"130340 Parintins";-;1;-;-;-;-;-;-;-;-;-;-;1
"130420 Tefé";-;1;-;-;-;-;-;-;-;-;-;-;1
"140002 Amajari";-;-;-;1;-;-;-;-;-;-;-;-;1
"150010 Abaetetuba";1;1;-;1;-;-;-;-;-;-;-;-;3
"150120 Baião";-;-;-;-;1;-;-;-;-;-;-;-;1
"150140 Belém";4;2;2;7;2;-;-;-;-;-;-;-;17
"150180 Breves";1;-;-;-;-;-;-;-;-;-;-;-;1
"150210 Cametá";1;-;-;4;1;-;-;-;-;-;-;-;6
"150240 Castanhal";-;5;2;-;-;-;-;-;-;-;-;1;8
"150290 Curuçá";-;4;-;-;-;-;-;-;-;-;-;-;4
"150320 Igarapé-Açu";2;4;1;-;-;-;-;-;-;-;-;-;7
"150340 Inhangapi";-;-;1;-;-;-;-;-;-;-;-;-;1
"150442 Marituba";1;-;-;-;-;-;-;-;-;-;-;-;1
"150450 Melgaço";1;-;-;-;-;-;-;-;-;-;-;-;1
"150650 Santa Izabel do Pará";-;-;-;-;-;-;-;-;-;-;-;1;1
"150740 São Francisco do Pará";-;-;-;1;-;-;-;-;-;-;-;-;1
"150810 Tucuruí";-;1;-;-;-;-;-;-;-;-;-;-;1
"150840 Xinguara";-;-;-;1;-;-;-;-;-;-;-;-;1
"160025 Itaubal";-;1;-;-;-;-;-;-;-;-;-;-;1
"160030 Macapá";1;2;6;-;-;-;-;-;-;-;-;-;9
"160053 Porto Grande";-;-;-;-;-;-;-;-;-;-;-;1;1
"160060 Santana";2;-;-;-;-;-;-;-;-;-;-;-;2
"170460 Chapada de Areia";-;1;-;-;-;-;-;-;-;-;-;-;1
"170550 Colinas do Tocantins";-;-;1;-;-;-;-;-;-;-;-;-;1
"171850 Recursolândia";-;-;-;-;1;-;-;-;-;-;-;-;1
"210120 Bacabal";-;2;-;-;-;-;-;-;-;-;-;-;2
"210540 Itapecuru Mirim";-;-;1;-;-;-;-;-;-;-;-;-;1
"210850 Pindaré-Mirim";-;-;-;1;-;-;-;-;-;-;-;-;1
"210880 Pirapemas";-;-;-;-;1;-;-;-;-;-;-;-;1
"210975 Santa Filomena do Maranhão";-;-;-;1;-;-;-;-;-;-;-;-;1
"211000 Santa Luzia";-;-;-;1;-;-;-;-;-;-;-;-;1
"211120 São José de Ribamar";-;-;1;-;-;-;-;-;-;-;-;-;1
"211130 São Luís";1;1;4;3;2;-;-;-;-;-;-;-;11
"211140 São Luís Gonzaga do Maranhão";-;-;-;1;1;-;-;-;-;-;-;-;2
"211280 Viana";1;-;4;-;-;-;-;-;-;-;-;-;5
"220050 Amarante";-;-;-;-;1;-;-;-;-;-;-;-;1
"220667 Morro do Chapéu do Piauí";-;-;-;1;-;-;-;-;-;-;-;-;1
"221038 São Miguel da Baixa Grande";2;-;-;-;-;-;-;-;-;-;-;-;2
"221100 Teresina";-;-;1;-;1;-;-;-;-;-;-;-;2
"230380 Cedro";1;-;-;-;-;-;-;-;-;-;-;-;1
"230393 Choró";-;-;-;-;1;-;-;-;-;-;-;-;1
"230426 Deputado Irapuan Pinheiro";-;1;-;-;-;-;-;-;-;-;-;-;1
"230430 Farias Brito";-;-;-;2;-;-;-;-;-;-;-;-;2
"230440 Fortaleza";2;4;6;7;3;-;-;-;-;-;-;4;26
"230510 Guaramiranga";-;-;1;-;-;-;-;-;-;-;-;-;1
"230520 Hidrolândia";-;-;-;2;-;-;-;-;-;-;-;-;2
"230620 Itaiçaba";-;-;-;1;-;-;-;-;-;-;-;-;1
"230630 Itapagé";-;1;-;-;-;-;-;-;-;-;-;-;1
"230700 Jaguaruana";-;-;-;-;-;-;-;-;-;-;1;-;1
"230765 Maracanaú";-;1;-;-;-;-;-;-;-;-;-;-;1
"230770 Maranguape";-;-;-;1;-;-;-;-;-;-;-;-;1
"230970 Pacatuba";-;1;-;-;-;-;-;-;-;-;-;-;1
"231080 Pereiro";-;1;-;-;-;-;-;-;-;-;-;-;1
"231200 Santana do Acaraú";-;-;-;1;-;-;-;-;-;-;-;-;1
"231290 Sobral";1;-;-;-;-;-;-;-;-;-;-;-;1
"231310 Tabuleiro do Norte";-;-;-;1;-;-;-;-;-;-;-;-;1
"231400 Várzea Alegre";-;-;1;1;-;-;-;-;-;-;-;-;2
"240310 Currais Novos";-;-;1;-;-;-;-;-;-;-;-;-;1
"240380 Florânia";-;-;-;-;1;-;-;-;-;-;-;-;1
"240420 Goianinha";-;1;-;-;-;-;-;-;-;-;-;-;1
"240670 Lajes";-;-;-;1;-;-;-;-;-;-;-;-;1
"240800 Mossoró";-;-;-;-;1;-;-;-;-;-;-;-;1
"240810 Natal";-;1;-;-;-;-;-;-;-;-;-;-;1
"241300 São Vicente";-;-;1;-;1;-;-;-;-;-;-;-;2
"241350 Serrinha";-;-;-;-;1;-;-;-;-;-;-;-;1
"241355 Serrinha dos Pintos";1;-;1;-;-;-;-;-;-;-;-;-;2
"241415 Tenente Laurentino Cruz";-;1;-;-;-;-;-;-;-;-;-;-;1
"250180 Bayeux";-;1;-;-;-;-;-;-;-;-;-;-;1
"250400 Campina Grande";1;-;-;-;-;-;-;-;-;-;-;-;1
"250750 João Pessoa";-;1;-;1;1;-;-;-;-;-;-;-;3
"251230 Princesa Isabel";-;-;1;-;-;-;-;-;-;-;-;-;1
"251250 Queimadas";-;1;-;-;-;-;-;-;-;-;-;-;1
"251370 Santa Rita";1;-;-;-;1;-;-;-;-;-;-;-;2
"251700 Umbuzeiro";-;1;-;-;-;-;-;-;-;-;-;-;1
"260005 Abreu e Lima";1;-;-;-;-;-;-;-;-;-;-;-;1
"260010 Afogados da Ingazeira";-;-;1;-;-;-;-;-;-;-;-;-;1
"260290 Cabo de Santo Agostinho";-;2;3;-;-;-;-;-;-;-;-;-;5
"260345 Camaragibe";1;2;4;1;-;-;-;-;-;-;-;-;8
"260410 Caruaru";1;-;1;1;-;-;-;-;-;-;-;1;4
"260450 Chã Grande";-;1;-;-;-;-;-;-;-;-;-;-;1
"260500 Cupira";-;1;-;-;-;-;-;-;-;-;-;-;1
"260600 Garanhuns";1;-;-;-;-;-;-;-;-;-;-;-;1
"260720 Ipojuca";-;1;-;-;-;-;-;-;-;-;-;1;2
"260790 Jaboatão dos Guararapes";-;2;1;2;-;-;-;-;-;-;-;1;6
"260940 Moreno";1;-;-;-;-;-;-;-;-;-;-;-;1
"260960 Olinda";1;-;2;-;-;-;-;-;-;-;-;-;3
"261070 Paulista";1;-;-;-;-;-;-;-;-;-;-;-;1
"261160 Recife";3;8;8;4;3;-;-;-;-;-;-;3;29
"261250 Santa Cruz do Capibaribe";1;-;-;-;-;-;-;-;-;-;-;-;1
"261370 São Lourenço da Mata";1;-;-;-;-;-;-;-;-;-;-;-;1
"261640 Vitória de Santo Antão";1;-;-;-;-;-;-;-;-;-;-;-;1
"270170 Capela";-;-;1;-;1;-;-;-;-;-;-;1;3
"270200 Coité do Nóia";-;-;-;-;1;-;-;-;-;-;-;-;1
"270430 Maceió";2;-;-;3;2;1;-;-;-;-;-;-;8
"280030 Aracaju";1;-;1;1;1;2;-;-;-;-;-;1;7
"280290 Itabaiana";-;-;-;-;1;-;-;-;-;-;-;-;1
"280350 Lagarto";-;-;1;-;-;-;-;-;-;-;-;-;1
"280400 Maruim";-;-;1;-;-;-;-;-;-;-;-;-;1
"280480 Nossa Senhora do Socorro";1;1;-;-;-;-;-;-;-;-;-;1;3
"280540 Poço Redondo";-;-;-;1;-;-;-;-;-;-;-;-;1
"280580 Riachão do Dantas";-;-;1;-;-;-;-;-;-;-;-;-;1
"280670 São Cristóvão";-;-;1;-;-;-;-;-;-;-;-;-;1
"290630 Canavieiras";-;-;-;1;1;-;-;-;-;-;-;-;2
"290800 Coaraci";-;-;1;-;-;-;-;-;-;-;-;-;1
"290940 Cotegipe";-;1;-;-;-;-;-;-;-;-;-;-;1
"291080 Feira de Santana";-;-;1;1;-;-;-;-;-;-;-;-;2
"291360 Ilhéus";-;2;1;1;1;-;-;-;-;-;-;-;5
"291480 Itabuna";1;-;-;2;-;-;-;-;-;-;-;-;3
"291490 Itacaré";-;-;-;-;2;-;-;-;-;-;-;-;2
"291550 Itajuípe";-;1;-;-;-;-;-;-;-;-;-;-;1
"291800 Jequié";-;1;1;-;-;-;-;-;-;-;-;-;2
"291855 Jussari";-;-;-;-;1;-;-;-;-;-;-;-;1
"292630 Riachão do Jacuípe";-;-;-;-;1;-;-;-;-;-;-;-;1
"292740 Salvador";8;6;6;15;16;-;-;-;-;-;-;1;52
"292870 Santo Antônio de Jesus";-;-;1;-;-;-;-;-;-;-;-;-;1
"293070 Simões Filho";-;-;-;2;1;-;-;-;-;-;-;1;4
"293290 Valença";-;-;-;1;-;-;-;-;-;-;-;-;1
"310130 Alagoa";-;1;-;-;-;-;-;-;-;-;-;-;1
"310190 Alpinópolis";1;-;-;-;-;-;-;-;-;-;-;-;1
"310280 Andrelândia";-;-;-;-;-;-;-;-;-;-;-;1;1
"310400 Araxá";1;-;-;-;-;-;-;-;-;-;-;-;1
"310560 Barbacena";-;1;-;-;-;-;-;-;-;-;-;-;1
"310620 Belo Horizonte";2;-;1;-;-;-;-;-;-;-;-;-;3
"310670 Betim";-;-;-;-;-;-;-;-;-;-;-;1;1
"310800 Bom Sucesso";1;-;-;-;-;-;-;-;-;-;-;-;1
"310910 Bueno Brandão";-;-;1;-;-;-;-;-;-;-;-;-;1
"311000 Caeté";-;-;-;-;-;-;1;-;-;-;-;-;1
"311030 Caldas";-;2;-;-;-;-;-;-;-;-;-;-;2
"311090 Campanha";-;1;-;-;-;-;-;-;-;-;-;-;1
"311360 Careaçu";-;-;-;1;-;-;-;-;-;-;-;-;1
"311530 Cataguases";-;-;1;-;-;-;-;-;-;-;-;-;1
"311720 Conceição das Pedras";-;-;-;-;-;-;-;-;-;-;-;1;1
"311790 Congonhal";-;1;-;-;-;-;-;-;-;-;-;-;1
"311800 Congonhas";1;-;-;-;-;-;-;-;-;-;-;-;1
"312050 Cristina";-;-;-;-;-;-;-;-;-;-;-;1;1
"312080 Cruzília";-;-;-;1;-;-;-;-;-;-;-;-;1
"312110 Delfim Moreira";-;-;1;-;-;-;-;-;-;-;-;-;1
"312230 Divinópolis";-;-;-;1;-;-;-;-;-;-;-;-;1
"312510 Extrema";-;-;-;-;-;-;-;1;-;-;-;-;1
"312595 Fervedouro";-;-;-;1;-;-;-;-;-;-;-;-;1
"312870 Guaxupé";-;-;-;-;1;-;-;-;-;-;-;-;1
"312920 Heliodora";1;-;-;-;-;-;-;-;-;-;-;-;1
"312980 Ibirité";1;-;-;-;-;-;-;-;-;-;-;-;1
"313170 Itabira";1;-;-;-;-;-;-;-;-;-;-;-;1
"313190 Itabirito";-;1;-;-;-;-;-;-;-;-;-;-;1
"313240 Itajubá";-;-;1;-;-;-;-;-;-;-;-;-;1
"313380 Itaúna";1;-;-;-;-;-;-;-;-;-;-;-;1
"313670 Juiz de Fora";1;-;2;1;-;-;-;-;-;-;-;-;4
"313760 Lagoa Santa";-;-;-;-;1;-;-;-;-;-;-;-;1
"313780 Lambari";1;-;-;-;-;-;-;-;-;-;-;-;1
"313840 Leopoldina";-;2;-;-;-;-;-;-;-;-;-;-;2
"313950 Manhumirim";-;1;-;-;-;-;-;-;-;-;-;-;1
"314000 Mariana";1;-;1;1;1;-;-;-;-;-;-;-;4
"314110 Matozinhos";-;1;-;-;-;-;-;-;-;-;-;-;1
"314310 Monte Carmelo";1;-;-;1;-;-;-;-;-;-;-;-;2
"314320 Monte Santo de Minas";-;-;-;-;-;-;-;-;-;-;-;1;1
"314400 Mutum";-;-;-;1;-;-;-;-;-;-;-;-;1
"314480 Nova Lima";-;1;-;-;-;-;-;-;-;-;-;-;1
"314590 Ouro Branco";-;-;-;-;-;-;-;-;-;-;-;1;1
"314760 Passa Quatro";1;-;-;-;-;-;-;-;-;-;-;-;1
"314790 Passos";-;-;-;-;1;-;-;-;-;-;-;-;1
"314800 Patos de Minas";-;-;-;1;-;-;-;-;-;-;-;-;1
"314810 Patrocínio";1;-;-;1;-;-;-;-;-;-;-;-;2
"314910 Pedralva";-;-;-;-;-;-;-;-;-;-;-;1;1
"315250 Pouso Alegre";-;-;1;-;-;-;-;-;-;-;-;1;2
"315260 Pouso Alto";-;-;-;1;-;-;-;-;-;-;-;-;1
"315460 Ribeirão das Neves";1;-;-;-;-;-;-;-;-;-;-;-;1
"315727 Santa Bárbara do Monte Verde";-;1;-;-;-;-;-;-;-;-;-;-;1
"315800 Santa Maria de Itabira";-;1;-;-;-;-;-;-;-;-;-;-;1
"315930 Santa Rita de Jacutinga";2;1;-;-;-;-;-;-;-;-;-;-;3
"315890 Santana do Manhuaçu";1;-;-;-;-;-;-;-;-;-;-;-;1
"316240 São João da Ponte";-;-;1;-;-;-;-;-;-;-;-;-;1
"316470 São Sebastião do Paraíso";1;-;-;-;-;-;-;-;-;-;-;-;1
"316730 Silveirânia";-;-;-;-;-;-;-;-;-;-;-;1;1
"316930 Três Corações";-;1;-;-;-;-;-;-;-;-;-;-;1
"316990 Ubá";-;-;1;-;-;-;-;-;-;1;-;-;2
"317020 Uberlândia";1;-;1;2;-;-;-;-;-;-;-;-;4
"317070 Varginha";-;1;-;-;-;-;-;-;-;-;-;-;1
"317107 Veredinha";1;-;-;-;-;-;-;-;-;-;-;-;1
"317170 Virgínia";1;1;-;-;-;-;-;-;-;-;-;-;2
"320050 Apiacá";-;-;-;1;-;-;-;-;-;-;-;-;1
"330030 Barra do Piraí";-;1;-;-;-;-;-;-;-;-;-;-;1
"330040 Barra Mansa";-;-;1;-;-;-;-;-;-;-;-;-;1
"330045 Belford Roxo";33;3;-;-;-;1;-;-;-;-;-;1;38
"330060 Bom Jesus do Itabapoana";-;-;1;6;1;-;-;-;-;-;-;-;8
"330080 Cachoeiras de Macacu";-;-;-;-;1;-;-;-;-;-;-;-;1
"330100 Campos dos Goytacazes";1;-;3;1;2;-;-;-;-;-;-;1;8
"330160 Duas Barras";-;-;1;-;-;-;-;-;-;-;-;-;1
"330170 Duque de Caxias";9;7;3;4;1;-;-;-;-;-;-;-;24
"330180 Engenheiro Paulo de Frontin";1;1;1;-;-;-;-;-;-;-;-;-;3
"330185 Guapimirim";-;1;-;-;-;-;-;-;-;-;-;-;1
"330200 Itaguaí";1;-;-;-;-;-;-;-;-;-;-;-;1
"330220 Itaperuna";-;1;-;-;-;-;-;-;-;-;-;-;1
"330240 Macaé";-;-;1;-;-;-;-;-;-;-;-;-;1
"330250 Magé";1;1;2;-;-;-;-;-;-;-;-;1;5
"330285 Mesquita";-;-;1;-;-;-;-;-;-;-;-;-;1
"330290 Miguel Pereira";1;-;-;-;-;-;-;-;-;-;-;-;1
"330340 Nova Friburgo";-;1;-;2;-;-;-;-;-;-;-;-;3
"330350 Nova Iguaçu";7;3;13;-;-;-;-;-;-;-;-;-;23
"330360 Paracambi";-;-;11;-;-;-;-;-;-;-;-;-;11
"330380 Paraty";1;1;1;1;-;-;-;-;-;-;-;-;4
"330390 Petrópolis";6;1;4;-;-;-;-;-;-;-;-;1;12
"330395 Pinheiral";-;1;-;-;-;-;-;-;-;-;-;-;1
"330410 Porciúncula";1;-;-;-;-;-;-;-;-;-;-;-;1
"330412 Quatis";-;-;-;-;-;-;-;-;-;-;-;1;1
"330420 Resende";-;-;1;-;-;-;-;-;-;-;-;1;2
"330430 Rio Bonito";-;-;1;-;-;-;-;-;-;-;-;-;1
"330440 Rio Claro";-;-;-;-;-;-;-;-;-;-;-;1;1
"330450 Rio das Flores";-;-;1;1;-;-;-;-;-;-;-;-;2
"330452 Rio das Ostras";-;-;-;1;-;-;-;-;-;-;-;-;1
"330455 Rio de Janeiro";18;12;7;8;6;2;-;-;-;-;-;2;55
"330490 São Gonçalo";-;3;5;-;1;-;-;-;-;-;-;1;10
"330510 São João de Meriti";3;1;2;2;1;-;-;-;-;-;-;-;9
"330520 São Pedro da Aldeia";-;1;-;-;-;-;-;-;-;-;-;-;1
"330540 Sapucaia";-;-;2;-;-;-;-;-;-;-;-;-;2
"330575 Tanguá";2;1;-;-;-;-;-;-;-;-;-;-;3
"330580 Teresópolis";-;-;1;1;-;-;-;-;-;-;-;-;2
"330600 Três Rios";-;-;-;-;1;-;-;-;-;-;-;-;1
"330610 Valença";1;-;2;-;-;-;-;-;-;-;-;-;3
"330630 Volta Redonda";2;-;-;-;-;-;-;-;-;-;-;-;2
"350160 Americana";1;-;-;-;-;-;-;-;-;-;-;-;1
"350190 Amparo";-;1;-;-;-;-;-;-;-;-;-;-;1
"350250 Aparecida";1;-;-;1;-;-;-;-;-;-;-;-;2
"350275 Araçariguama";1;-;-;-;-;-;-;-;-;-;-;-;1
"350450 Avaré";-;1;-;-;-;-;-;-;-;-;-;-;1
"350550 Barretos";1;-;-;-;-;-;-;-;-;-;-;-;1
"350570 Barueri";-;1;-;-;-;-;-;-;-;-;-;-;1
"350630 Bernardino de Campos";-;-;-;-;1;-;-;-;-;-;-;-;1
"350635 Bertioga";-;1;-;-;-;-;-;-;-;-;-;-;1
"350750 Botucatu";-;-;1;-;-;-;-;-;-;-;-;-;1
"350760 Bragança Paulista";-;-;1;-;-;-;-;-;-;-;-;-;1
"350780 Brodowski";1;-;-;-;-;-;-;-;-;-;-;-;1
"350850 Caçapava";-;1;-;-;-;-;-;-;-;-;-;-;1
"350870 Caconde";-;-;1;-;-;-;-;-;-;-;-;-;1
"350950 Campinas";1;-;2;1;-;-;-;-;-;-;-;-;4
"351050 Caraguatatuba";1;-;1;-;-;-;-;-;-;-;-;-;2
"351060 Carapicuíba";-;1;-;-;-;-;-;-;-;-;-;-;1
"351280 Cosmópolis";1;-;-;-;-;-;-;-;-;-;-;-;1
"351300 Cotia";1;-;1;-;-;-;-;-;-;-;-;-;2
"351350 Cubatão";-;-;-;-;-;-;-;-;-;-;-;2;2
"351380 Diadema";-;-;-;-;1;-;-;-;-;-;-;-;1
"351570 Ferraz de Vasconcelos";1;-;-;-;-;-;-;-;-;-;-;-;1
"351630 Francisco Morato";1;1;-;-;-;-;-;-;-;-;-;-;2
"351640 Franco da Rocha";-;-;1;-;-;-;-;-;-;-;-;-;1
"351870 Guarujá";2;2;1;1;-;-;-;-;-;-;-;-;6
"351880 Guarulhos";1;3;1;1;-;-;-;-;-;-;-;1;7
"351907 Hortolândia";-;-;1;-;-;-;-;-;-;-;-;-;1
"351970 Ibiúna";-;-;-;1;2;-;-;-;-;-;-;-;3
"352170 Itaberá";1;-;-;-;-;-;-;-;-;-;-;-;1
"352210 Itanhaém";-;-;1;-;-;-;-;-;-;-;-;1;2
"352265 Itapirapuã Paulista";-;1;-;-;-;-;-;-;-;-;-;-;1
"352310 Itaquaquecetuba";-;-;2;-;-;-;-;-;-;-;-;-;2
"352680 Lençóis Paulista";1;-;-;-;-;-;-;-;-;-;-;-;1
"352690 Limeira";-;1;-;-;-;-;-;-;-;-;-;-;1
"352840 Mairinque";-;-;1;-;-;-;-;-;-;-;-;-;1
"352940 Mauá";3;1;-;1;-;-;-;-;-;-;-;-;5
"352990 Miracatu";-;1;-;-;-;-;-;-;-;-;-;-;1
"353060 Mogi das Cruzes";-;1;1;-;-;-;1;-;-;-;-;-;3
"353070 Mogi Guaçu";1;-;-;-;-;-;-;-;-;-;-;-;1
"353110 Mongaguá";-;-;1;-;-;-;-;-;-;-;-;-;1
"353160 Monte Castelo";-;-;1;-;-;-;-;-;-;-;-;-;1
"353282 Nova Campina";1;-;-;-;-;-;-;-;-;-;-;-;1
"353440 Osasco";-;-;1;-;-;-;-;-;-;-;-;-;1
"353550 Paraguaçu Paulista";-;-;-;-;1;-;-;-;-;-;-;-;1
"353560 Paraibuna";-;-;-;-;-;-;-;-;-;-;-;1;1
"353820 Pinhalzinho";-;-;-;-;-;-;-;-;-;-;-;1;1
"353890 Pirajuí";-;1;-;-;-;-;-;-;-;-;-;-;1
"354100 Praia Grande";2;3;2;1;1;-;-;-;-;-;-;-;9
"354330 Ribeirão Pires";-;-;1;-;-;-;-;-;-;-;-;-;1
"354340 Ribeirão Preto";-;1;-;-;-;-;-;-;-;-;-;-;1
"354390 Rio Claro";2;-;-;-;-;-;-;-;-;-;-;-;2
"354580 Santa Bárbara d'Oeste";-;1;-;-;-;-;-;-;-;-;-;-;1
"354680 Santa Isabel";-;-;3;-;-;-;-;-;-;-;-;-;3
"354690 Santa Lúcia";-;1;-;-;-;-;-;-;-;-;-;-;1
"354750 Santa Rita do Passa Quatro";-;-;-;-;-;-;-;-;-;1;-;-;1
"354780 Santo André";-;1;-;-;-;-;-;-;-;-;-;-;1
"354850 Santos";1;-;-;1;-;-;-;-;-;-;-;1;3
"354870 São Bernardo do Campo";2;1;1;1;-;-;-;-;-;-;-;1;6
"354990 São José dos Campos";-;1;-;3;-;-;-;-;-;-;-;-;4
"355030 São Paulo";24;15;24;6;5;-;-;-;-;-;-;3;77
"355040 São Pedro";-;-;-;1;-;-;-;-;-;-;-;-;1
"355060 São Roque";-;-;-;1;-;-;-;-;-;-;-;-;1
"355100 São Vicente";-;4;-;1;-;-;-;-;-;-;-;-;5
"355210 Socorro";-;3;-;-;1;-;-;-;-;-;-;-;4
"355220 Sorocaba";-;2;1;-;-;-;-;-;-;-;-;-;3
"355240 Sumaré";-;1;-;1;-;-;-;-;-;-;-;-;2
"355250 Suzano";1;1;-;-;-;-;-;-;-;-;-;-;2
"355400 Tatuí";-;-;1;-;-;-;-;-;-;-;-;-;1
"355410 Taubaté";2;-;-;-;-;-;-;-;-;-;-;-;2
"355540 Ubatuba";1;-;-;-;-;-;-;-;-;-;-;-;1
"355645 Vargem Grande Paulista";-;-;-;-;1;-;-;-;-;-;-;-;1
"355650 Várzea Paulista";-;-;1;-;-;-;-;-;-;-;-;-;1
"355700 Votorantim";-;-;1;-;-;-;-;-;-;-;-;-;1
"355710 Votuporanga";-;-;-;-;-;-;-;-;-;-;-;1;1
"410010 Abatiá";-;1;-;-;-;-;-;-;-;-;-;-;1
"410030 Agudos do Sul";-;-;1;-;-;-;-;-;-;-;-;-;1
"410040 Almirante Tamandaré";3;-;1;2;2;-;-;-;-;-;-;-;8
"410275 Bela Vista da Caroba";-;3;-;1;-;-;-;-;-;-;-;-;4
"410290 Bituruna";-;1;-;-;-;-;-;-;-;-;-;-;1
"410310 Bocaiúva do Sul";-;-;1;-;-;-;-;-;-;-;-;-;1
"410390 Campina da Lagoa";-;-;-;1;-;-;-;-;-;-;-;-;1
"410395 Campina do Simão";1;-;-;-;-;-;-;-;-;-;-;-;1
"410420 Campo Largo";1;1;-;-;-;-;-;-;-;-;-;-;2
"410450 Capanema";2;1;-;1;-;-;-;-;-;-;-;-;4
"410480 Cascavel";4;-;3;1;-;-;-;-;-;-;-;1;9
"410490 Castro";2;-;1;-;-;-;-;-;-;-;-;-;3
"410510 Centenário do Sul";-;1;-;-;-;-;-;-;-;-;-;-;1
"410520 Cerro Azul";-;-;1;-;-;-;-;-;-;-;-;-;1
"410540 Chopinzinho";1;-;-;-;-;-;-;-;-;-;-;-;1
"410570 Clevelândia";-;-;-;-;1;-;-;-;-;-;-;-;1
"410580 Colombo";-;2;-;2;3;-;-;-;-;-;-;-;7
"410620 Contenda";-;-;1;-;-;-;-;-;-;-;-;-;1
"410680 Cruz Machado";-;-;1;-;-;-;-;-;-;-;-;-;1
"410660 Cruzeiro do Oeste";-;1;-;-;-;-;-;-;-;-;-;-;1
"410690 Curitiba";17;15;8;15;8;-;-;-;-;-;-;1;64
"410720 Dois Vizinhos";1;-;-;-;-;-;-;-;-;-;-;-;1
"410750 Engenheiro Beltrão";1;-;-;-;-;-;-;-;-;-;-;-;1
"410765 Fazenda Rio Grande";1;2;-;2;-;-;-;-;-;-;-;-;5
"410770 Fênix";-;-;1;-;-;-;-;-;-;-;-;-;1
"410785 Flor da Serra do Sul";-;-;1;-;-;-;-;-;-;-;-;-;1
"410840 Francisco Beltrão";-;1;1;4;1;-;-;-;-;-;-;-;7
"410850 General Carneiro";-;-;1;-;-;-;-;-;-;-;-;-;1
"410860 Goioerê";-;-;1;-;-;-;-;-;-;-;-;-;1
"410870 Grandes Rios";-;-;-;1;1;-;-;-;-;-;-;-;2
"410895 Guamiranga";-;-;1;-;-;-;-;-;-;-;-;-;1
"410940 Guarapuava";1;1;1;-;2;-;-;-;-;-;-;-;5
"410960 Guaratuba";-;1;-;-;-;-;-;-;-;-;-;-;1
"410965 Honório Serpa";-;-;-;1;-;-;-;-;-;-;-;-;1
"411070 Irati";-;2;-;-;-;-;-;-;-;-;-;-;2
"411080 Iretama";-;-;-;-;1;-;-;-;-;-;-;-;1
"411120 Itapejara d'Oeste";-;-;-;-;1;-;-;-;-;-;-;-;1
"411200 Jaguariaíva";-;-;-;-;-;-;-;-;-;-;-;1;1
"411275 Jesuítas";-;-;-;1;-;-;-;-;-;-;-;-;1
"411320 Lapa";1;-;-;1;-;-;-;-;-;-;-;-;2
"411325 Laranjal";1;-;-;-;-;-;-;-;-;-;-;-;1
"411370 Londrina";1;-;1;-;-;-;-;-;-;-;-;-;2
"411430 Mandirituba";-;-;1;-;-;-;-;-;-;-;-;-;1
"411450 Manoel Ribas";-;-;-;-;-;-;-;-;-;-;-;1;1
"411460 Marechal Cândido Rondon";-;-;-;1;-;-;-;-;-;-;-;-;1
"411520 Maringá";1;-;-;-;-;-;-;-;-;-;-;-;1
"411540 Marmeleiro";-;2;-;-;-;-;-;-;-;-;-;-;2
"411545 Marquinho";1;-;-;-;-;-;-;-;-;-;-;-;1
"411570 Matinhos";-;2;-;-;-;-;-;-;-;-;-;-;2
"411585 Mercedes";-;1;-;-;-;-;-;-;-;-;-;-;1
"411670 Nova Aurora";-;-;-;-;1;-;-;-;-;-;-;-;1
"411700 Nova Fátima";-;-;-;-;-;-;-;-;-;-;-;1;1
"411725 Nova Prata do Iguaçu";-;1;-;-;-;-;-;-;-;-;-;-;1
"411727 Nova Tebas";-;-;2;-;-;-;-;-;-;-;-;-;2
"411760 Palmas";-;-;1;-;-;-;-;-;-;-;-;-;1
"411770 Palmeira";1;-;1;-;-;-;-;-;1;-;-;1;4
"411820 Paranaguá";3;2;4;2;-;-;-;-;-;-;-;-;11
"411860 Paula Freitas";1;-;-;-;-;-;-;-;-;-;-;-;1
"411870 Paulo Frontin";-;-;1;-;-;-;-;-;-;-;-;-;1
"411880 Peabiru";1;-;-;-;-;-;-;-;-;-;-;-;1
"411900 Pérola d'Oeste";-;1;-;1;-;-;-;-;-;-;-;-;2
"411930 Pinhão";1;3;1;-;-;-;-;-;-;-;-;2;7
"411950 Piraquara";3;1;-;1;-;-;-;-;-;-;-;-;5
"411960 Pitanga";-;-;1;-;-;-;-;-;-;-;-;-;1
"411990 Ponta Grossa";1;1;1;-;-;1;-;-;-;-;-;-;4
"411995 Pontal do Paraná";1;-;-;-;-;-;-;-;-;-;-;-;1
"412060 Prudentópolis";-;-;2;-;-;-;-;-;-;-;-;-;2
"412070 Quatiguá";1;-;-;-;-;-;-;-;-;-;-;-;1
"412090 Quedas do Iguaçu";1;-;-;-;-;-;-;-;-;-;-;-;1
"412220 Rio Branco do Sul";-;3;-;-;-;-;-;-;-;-;-;-;3
"412240 Rolândia";-;1;-;-;-;-;-;-;-;-;-;-;1
"412265 Rosário do Ivaí";1;-;-;-;-;-;-;-;-;-;-;-;1
"412300 Salto do Lontra";-;-;1;-;-;-;-;-;-;-;-;-;1
"412350 Santa Helena";-;-;-;-;-;-;-;-;-;-;-;1;1
"412380 Santa Izabel do Oeste";-;-;-;-;1;-;-;-;-;-;-;-;1
"412385 Santa Maria do Oeste";-;1;-;-;-;-;-;-;-;-;-;-;1
"412480 São João";2;-;-;-;-;-;-;-;-;-;-;-;2
"412500 São João do Ivaí";-;-;-;-;1;-;-;-;-;-;-;-;1
"412550 São José dos Pinhais";1;2;1;-;1;-;-;-;-;-;-;1;6
"412625 Sarandi";2;-;-;-;-;-;-;-;-;-;-;-;2
"412665 Sulina";1;-;-;-;-;-;-;-;-;-;-;-;1
"412700 Teixeira Soares";-;-;-;2;-;-;-;-;-;-;-;-;2
"412770 Toledo";-;-;-;1;-;-;-;-;-;-;-;-;1
"412795 Tupãssi";-;1;-;-;-;-;-;-;-;-;-;-;1
"412800 Ubiratã";1;-;-;-;-;-;-;-;-;-;-;-;1
"412820 União da Vitória";-;1;-;-;-;-;-;-;-;-;-;-;1
"420010 Abelardo Luz";-;1;-;-;-;-;-;-;-;-;-;-;1
"420060 Águas Mornas";-;2;1;1;-;-;-;-;-;-;-;-;4
"420120 Antônio Carlos";1;-;-;-;-;-;-;-;-;-;-;-;1
"420130 Araquari";-;-;1;-;-;-;-;-;-;-;-;-;1
"420140 Araranguá";-;1;-;-;-;-;-;-;-;-;-;-;1
"420150 Armazém";-;-;1;-;-;-;-;-;-;-;-;-;1
"420170 Ascurra";-;-;1;-;-;-;-;-;-;-;-;-;1
"420205 Balneário Barra do Sul";-;-;-;-;1;-;-;-;-;-;-;-;1
"420200 Balneário Camboriú";-;-;1;1;-;-;-;-;-;-;-;-;2
"420215 Belmonte";1;-;1;-;-;-;-;-;-;-;-;-;2
"420230 Biguaçu";1;-;-;-;-;-;-;-;-;-;-;-;1
"420240 Blumenau";-;1;2;2;-;-;-;-;-;-;-;-;5
"420260 Bom Retiro";-;-;-;-;1;-;-;-;-;-;-;-;1
"420280 Braço do Norte";-;2;-;-;-;1;-;-;-;-;-;-;3
"420290 Brusque";-;1;1;1;1;-;-;-;-;-;-;-;4
"420350 Campo Erê";-;-;1;-;-;-;-;-;-;-;-;-;1
"420380 Canoinhas";1;-;-;-;-;-;-;-;-;-;-;-;1
"420430 Concórdia";-;-;-;1;1;-;-;-;-;-;-;-;2
"420445 Coronel Martins";-;-;-;1;-;-;-;-;-;-;-;-;1
"420460 Criciúma";-;-;1;-;-;-;-;-;-;-;-;-;1
"420470 Cunha Porã";-;1;1;-;-;-;-;-;-;-;-;-;2
"420490 Descanso";-;-;1;-;-;-;-;-;-;-;-;-;1
"420517 Entre Rios";-;1;-;-;-;-;-;-;-;-;-;-;1
"420540 Florianópolis";1;1;3;6;4;-;-;-;-;-;-;-;15
"420570 Garopaba";1;-;1;-;-;-;-;-;-;-;-;-;2
"420580 Garuva";-;-;-;1;-;-;-;-;-;-;-;-;1
"420600 Governador Celso Ramos";-;-;-;-;1;-;-;-;-;-;-;-;1
"420640 Guaraciaba";1;1;-;-;-;-;-;-;-;-;-;-;2
"420650 Guaramirim";-;1;-;2;-;-;-;-;-;-;-;-;3
"420757 Iomerê";-;-;1;-;-;-;-;-;-;-;-;-;1
"420800 Itá";1;-;-;-;-;-;-;-;-;-;-;-;1
"420820 Itajaí";1;-;1;1;-;-;-;-;-;-;-;-;3
"420845 Itapoá";-;-;1;-;-;-;-;-;-;-;-;-;1
"420860 Jaborá";-;-;1;-;-;-;-;-;-;-;-;-;1
"420880 Jaguaruna";-;-;-;1;-;-;-;-;-;-;-;-;1
"420890 Jaraguá do Sul";-;4;2;-;-;-;-;-;-;-;-;-;6
"420910 Joinville";-;1;6;2;1;-;-;-;-;-;-;-;10
"420930 Lages";-;1;1;-;-;-;-;-;-;-;-;-;2
"420940 Laguna";-;1;-;-;-;-;-;-;-;-;-;-;1
"420960 Lauro Muller";-;-;-;1;-;-;-;-;-;-;-;-;1
"421010 Mafra";-;2;-;1;-;-;-;-;-;-;-;-;3
"421080 Meleiro";-;-;1;-;-;-;-;-;-;-;-;-;1
"421100 Mondaí";1;-;-;-;-;-;-;-;-;-;-;-;1
"421125 Morro Grande";-;1;-;-;-;-;-;-;-;-;-;-;1
"421130 Navegantes";-;1;1;-;-;-;-;-;-;-;-;-;2
"421145 Nova Itaberaba";-;-;-;-;-;1;-;-;-;-;-;-;1
"421150 Nova Trento";-;1;-;-;-;-;-;-;-;-;-;-;1
"421189 Painel";-;-;-;-;-;-;-;-;-;-;-;1;1
"421190 Palhoça";2;-;-;-;-;-;-;-;-;-;-;-;2
"421210 Palmitos";1;-;-;-;1;-;-;-;-;-;-;1;3
"421300 Pinheiro Preto";-;1;-;-;-;-;-;-;-;-;-;-;1
"421350 Porto Belo";-;-;-;-;1;-;-;-;-;-;-;-;1
"421360 Porto União";-;-;-;1;-;-;-;-;-;-;-;1;2
"421370 Pouso Redondo";-;-;-;1;-;-;-;-;-;-;-;-;1
"421450 Rio do Campo";-;-;1;-;-;-;-;-;-;-;-;-;1
"421480 Rio do Sul";-;-;-;1;-;-;-;-;-;-;-;-;1
"421490 Rio Fortuna";-;-;-;1;-;-;-;-;-;-;-;-;1
"421507 Riqueza";-;-;-;-;-;-;-;-;-;-;-;1;1
"421510 Rodeio";3;-;-;-;-;-;-;-;-;-;-;-;3
"421555 Santa Helena";-;-;-;-;1;-;-;-;-;-;-;-;1
"421590 São Bonifácio";1;-;-;-;-;-;-;-;-;-;-;-;1
"421620 São Francisco do Sul";1;-;-;-;-;-;-;-;-;-;-;-;1
"421630 São João Batista";-;-;1;-;-;-;-;-;-;-;-;-;1
"421625 São João do Oeste";-;1;-;-;-;-;-;-;-;-;-;-;1
"421650 São Joaquim";-;-;-;-;-;-;-;-;-;-;-;1;1
"421660 São José";-;-;2;2;-;-;-;-;-;-;-;-;4
"421670 São José do Cedro";1;-;-;-;-;-;-;-;-;-;-;-;1
"421795 Tigrinhos";-;-;-;-;1;-;-;-;-;-;-;-;1
"421800 Tijucas";-;-;-;1;-;-;-;-;-;-;-;-;1
"421870 Tubarão";-;1;1;-;2;-;-;-;-;-;-;-;4
"421880 Turvo";1;-;-;-;-;-;-;-;-;-;-;-;1
"430010 Agudo";-;-;1;-;-;-;-;-;-;-;-;-;1
"430030 Alecrim";-;-;-;-;1;-;-;-;-;-;-;-;1
"430040 Alegrete";1;2;1;-;-;-;-;-;-;-;-;-;4
"430060 Alvorada";2;-;-;-;13;-;-;-;-;-;-;-;15
"430063 Amaral Ferrador";-;1;-;-;-;-;-;-;-;-;-;-;1
"430064 Ametista do Sul";1;-;-;-;-;-;-;-;-;-;-;-;1
"430085 Arambaré";-;-;1;-;-;-;-;-;-;-;-;-;1
"430100 Arroio do Meio";-;-;-;-;3;-;-;-;-;-;-;-;3
"430105 Arroio do Sal";-;-;-;-;1;-;-;-;-;-;-;-;1
"430120 Arroio do Tigre";-;-;3;2;-;-;-;-;-;-;-;-;5
"430110 Arroio dos Ratos";2;-;-;-;-;-;-;-;-;-;-;-;2
"430140 Arvorezinha";-;-;1;-;-;-;-;-;-;-;-;-;1
"430170 Barão de Cotegipe";1;-;-;-;1;-;-;-;-;-;-;-;2
"430210 Bento Gonçalves";-;-;-;1;-;-;-;-;-;-;-;1;2
"430235 Bom Princípio";-;1;-;-;3;-;-;-;-;-;-;-;4
"430280 Caçapava do Sul";3;2;2;-;-;-;-;-;-;-;-;1;8
"430300 Cachoeira do Sul";1;3;1;-;1;-;-;-;-;-;-;1;7
"430310 Cachoeirinha";-;-;-;-;2;-;-;-;-;-;-;-;2
"430320 Cacique Doble";-;-;-;-;-;-;-;-;-;-;-;1;1
"430370 Campina das Missões";-;-;-;1;1;-;-;-;-;-;-;1;3
"430390 Campo Bom";-;-;-;-;1;1;-;-;-;-;-;-;2
"430420 Candelária";1;-;-;-;1;-;-;-;-;-;-;1;3
"430430 Cândido Godói";1;-;-;-;1;-;-;-;-;-;-;-;2
"430440 Canela";-;-;-;-;1;-;-;-;-;-;-;-;1
"430450 Canguçu";-;1;1;-;-;-;-;-;-;-;-;-;2
"430460 Canoas";1;1;-;-;25;2;-;-;-;-;-;-;29
"430468 Capela de Santana";-;-;-;-;-;1;-;-;-;-;-;-;1
"430510 Caxias do Sul";3;1;-;1;-;-;-;-;-;-;-;-;5
"430513 Cerro Branco";-;1;-;-;1;-;-;-;-;-;-;-;2
"430517 Cerro Grande do Sul";-;-;-;-;-;-;-;-;-;-;-;1;1
"430530 Chapada";1;-;-;-;-;-;-;-;-;-;-;-;1
"430535 Charqueadas";-;-;-;1;3;-;-;-;-;-;-;-;4
"430537 Charrua";1;1;-;-;-;-;-;-;-;-;-;-;2
"430544 Chuvisca";-;-;-;1;-;-;-;-;-;-;-;-;1
"430558 Colinas";-;-;1;-;2;-;-;-;-;-;-;-;3
"430605 Cristal";-;-;-;-;-;-;-;-;-;-;-;1;1
"430620 Cruzeiro do Sul";-;1;-;1;8;-;-;-;-;-;-;-;10
"430650 Dom Feliciano";-;1;-;1;-;-;-;-;-;-;-;-;2
"430673 Doutor Maurício Cardoso";-;1;-;1;-;-;-;-;-;-;-;-;2
"430676 Eldorado do Sul";-;-;-;-;5;-;-;-;-;-;-;-;5
"430680 Encantado";-;-;-;-;1;-;-;-;-;-;-;-;1
"430697 Erebango";-;-;-;-;-;-;-;-;-;-;-;1;1
"430700 Erechim";-;-;-;1;1;-;-;-;-;-;-;-;2
"430750 Espumoso";-;-;-;-;1;-;-;-;-;-;-;-;1
"430760 Estância Velha";-;-;-;2;-;-;-;-;-;-;-;-;2
"430780 Estrela";-;-;-;-;9;-;-;-;-;-;-;-;9
"430800 Faxinal do Soturno";-;-;-;-;-;-;-;-;-;-;-;1;1
"430810 Feliz";1;-;-;-;-;-;-;-;-;-;-;1;2
"430843 Forquetinha";1;-;-;-;-;-;-;-;-;-;-;-;1
"430880 General Câmara";-;-;-;-;1;1;-;-;-;-;-;-;2
"430890 Getúlio Vargas";-;-;-;-;1;-;-;-;-;-;-;-;1
"430900 Giruá";-;-;-;-;1;-;-;-;-;-;-;-;1
"430910 Gramado";-;-;-;-;2;-;-;-;-;-;-;-;2
"430920 Gravataí";2;-;-;-;3;-;-;-;-;-;-;1;6
"430930 Guaíba";-;1;1;-;7;-;-;-;-;-;-;-;9
"430940 Guaporé";1;-;-;-;1;-;-;-;-;-;-;-;2
"430975 Ibarama";-;-;-;-;2;-;-;-;-;-;-;-;2
"430990 Ibiraiaras";-;-;-;1;1;-;-;-;-;-;-;-;2
"431010 Igrejinha";-;1;-;-;13;-;-;-;-;-;-;-;14
"431020 Ijuí";-;-;1;-;-;-;-;-;-;-;-;-;1
"431040 Independência";1;-;-;-;-;-;-;-;-;-;-;-;1
"431050 Iraí";-;-;1;-;-;-;-;-;-;-;-;-;1
"431053 Itaara";-;-;-;-;1;1;-;-;-;-;-;-;2
"431100 Jaguarão";-;-;-;-;1;-;-;-;-;-;-;-;1
"431110 Jaguari";-;-;-;-;-;1;-;-;-;-;-;-;1
"431115 Jóia";1;-;-;-;-;-;-;-;-;-;-;-;1
"431140 Lajeado";1;-;1;-;2;-;-;-;-;-;-;-;4
"431162 Lindolfo Collor";-;1;-;-;-;-;-;-;-;-;-;-;1
"431179 Maratá";1;-;-;-;1;-;-;-;-;-;-;-;2
"431180 Marau";1;-;-;-;-;-;-;-;-;-;-;-;1
"431205 Marques de Souza";-;-;-;-;-;1;-;-;-;-;-;-;1
"431215 Mato Leitão";-;-;1;2;2;-;-;-;-;-;-;-;5
"431225 Minas do Leão";-;1;-;-;-;-;-;-;-;-;-;-;1
"431235 Montauri";-;1;-;-;-;-;-;-;-;-;-;-;1
"431240 Montenegro";-;-;-;1;6;-;-;-;-;-;-;-;7
"431310 Nova Palma";1;-;-;-;1;-;-;-;-;1;-;-;3
"431320 Nova Petrópolis";-;-;2;1;-;-;-;-;-;-;-;-;3
"431337 Nova Santa Rita";-;-;-;2;3;-;-;-;-;-;-;-;5
"431340 Novo Hamburgo";1;-;-;1;15;-;-;-;-;-;-;2;19
"431350 Osório";-;-;1;-;-;-;-;-;-;-;-;1;2
"431360 Paim Filho";-;-;-;-;1;-;-;-;-;-;-;-;1
"431365 Palmares do Sul";1;-;-;-;-;-;-;-;-;-;-;-;1
"431380 Palmitinho";-;-;-;-;1;-;-;-;-;-;-;-;1
"431395 Pantano Grande";1;-;-;-;-;-;-;-;-;-;-;-;1
"431405 Parobé";-;-;1;-;2;-;-;-;-;-;-;-;3
"431407 Passo do Sobrado";-;-;-;-;1;-;-;-;-;-;-;-;1
"431410 Passo Fundo";-;1;-;1;2;-;-;-;-;-;-;-;4
"431440 Pelotas";2;-;-;1;1;-;-;-;-;-;-;-;4
"431477 Pontão";-;-;-;-;-;1;-;-;-;-;-;-;1
"431490 Porto Alegre";9;7;4;4;6;1;-;-;-;-;1;2;34
"431517 Protásio Alves";-;-;1;-;-;-;-;-;-;-;-;-;1
"431540 Redentora";-;-;-;1;-;-;-;-;-;-;-;-;1
"431550 Restinga Seca";-;-;-;-;1;-;-;-;-;-;-;-;1
"431560 Rio Grande";-;-;1;1;21;2;-;-;-;-;-;2;27
"431570 Rio Pardo";-;1;1;-;1;-;-;-;-;-;-;-;3
"431600 Rolante";-;-;1;1;3;-;-;-;-;-;-;-;5
"431643 Saldanha Marinho";1;-;-;-;-;-;-;-;-;-;-;-;1
"431660 Sananduva";-;-;1;-;-;-;-;-;-;-;-;-;1
"431670 Santa Bárbara do Sul";-;1;-;-;-;-;-;-;-;-;-;-;1
"431675 Santa Clara do Sul";-;1;-;1;-;-;-;-;-;-;-;1;3
"431680 Santa Cruz do Sul";-;1;3;1;5;-;-;-;-;-;-;1;11
"431690 Santa Maria";2;4;2;-;8;-;-;-;-;-;-;-;16
"431720 Santa Rosa";-;-;-;1;-;-;-;-;-;-;-;-;1
"431725 Santa Tereza";-;-;-;-;1;-;-;-;-;-;-;-;1
"431740 Santiago";-;1;-;-;-;-;-;-;-;-;-;-;1
"431750 Santo Ângelo";-;2;-;-;-;-;-;-;-;-;-;-;2
"431760 Santo Antônio da Patrulha";-;1;-;-;-;-;-;-;-;-;-;-;1
"431755 Santo Antônio do Palma";-;2;-;-;-;-;-;-;-;-;-;-;2
"431790 Santo Cristo";-;1;-;-;1;-;-;-;-;-;-;-;2
"431800 São Borja";7;-;1;-;-;-;-;-;-;-;-;2;10
"431810 São Francisco de Assis";-;1;1;-;-;-;-;-;-;-;-;-;2
"431830 São Gabriel";1;-;-;-;1;-;-;-;-;-;-;-;2
"431840 São Jerônimo";-;-;-;1;-;1;-;-;-;-;-;1;3
"431842 São João da Urtiga";-;-;1;-;-;-;-;-;-;-;-;-;1
"431843 São João do Polêsine";-;1;-;-;-;-;-;-;-;-;-;-;1
"431848 São José do Hortêncio";1;-;-;-;-;-;-;-;-;-;-;-;1
"431870 São Leopoldo";1;1;-;-;8;-;-;-;-;-;-;1;11
"431880 São Lourenço do Sul";1;1;-;-;-;-;-;-;-;-;-;-;2
"431900 São Marcos";-;-;-;1;1;-;-;-;-;-;-;-;2
"431950 São Sebastião do Caí";1;-;-;-;1;-;-;-;-;-;-;-;2
"431970 São Valentim";-;-;-;-;1;-;-;-;-;-;-;-;1
"432000 Sapucaia do Sul";-;-;-;-;2;1;-;-;-;-;-;-;3
"432010 Sarandi";1;-;-;-;-;-;-;-;-;-;-;-;1
"432023 Sede Nova";-;1;-;-;-;-;-;-;-;-;-;-;1
"432026 Segredo";-;-;-;-;1;-;-;-;-;-;-;-;1
"432040 Serafina Corrêa";-;1;-;-;-;-;-;-;-;-;-;-;1
"432067 Sinimbu";-;1;-;-;-;-;-;-;-;-;-;-;1
"432070 Sobradinho";-;-;-;-;3;-;-;-;-;-;-;-;3
"432120 Taquara";-;-;-;-;3;1;-;-;-;-;-;-;4
"432130 Taquari";-;1;1;-;4;2;-;-;-;-;-;-;8
"432145 Teutônia";1;-;-;-;3;-;-;-;-;-;-;-;4
"432150 Torres";-;-;-;-;1;-;-;-;-;-;-;-;1
"432162 Travesseiro";-;-;-;-;3;-;-;-;-;-;-;-;3
"432170 Três Coroas";-;-;-;-;33;-;-;-;-;-;-;-;33
"432180 Três de Maio";-;1;1;-;-;-;-;-;-;-;-;-;2
"432200 Triunfo";-;-;1;-;1;-;-;-;-;-;-;-;2
"432225 Tupandi";-;-;1;-;-;-;-;-;-;-;-;-;1
"432230 Tuparendi";-;1;-;-;-;-;-;-;-;-;-;-;1
"432240 Uruguaiana";1;-;-;-;-;-;-;-;-;-;-;-;1
"432250 Vacaria";-;-;-;1;-;-;-;-;-;-;-;-;1
"432252 Vale Verde";1;-;-;-;-;-;-;-;-;-;-;-;1
"432260 Venâncio Aires";1;1;2;2;12;1;-;-;-;-;-;1;20
"432270 Vera Cruz";-;-;-;1;2;1;-;-;-;-;-;-;4
"432300 Viamão";-;5;-;1;4;-;-;-;-;-;-;-;10
"432335 Vila Lângaro";-;-;1;-;-;-;-;-;-;-;-;-;1
"432377 Westfalia";-;1;1;-;-;-;-;-;-;-;-;-;2
"500220 Bonito";-;1;-;-;-;-;-;-;-;-;-;-;1
"500525 Laguna Carapã";1;-;-;-;-;-;-;-;-;-;-;-;1
"500600 Nova Alvorada do Sul";-;-;1;-;-;-;-;-;-;-;-;-;1
"500710 Ribas do Rio Pardo";1;-;-;-;-;-;-;-;-;-;-;-;1
"510250 Cáceres";-;-;-;1;-;-;-;-;-;-;-;-;1
"510325 Colniza";-;1;-;-;-;-;-;-;-;-;-;-;1
"510510 Juara";-;1;1;1;-;-;-;-;-;-;-;-;3
"510525 Lucas do Rio Verde";-;1;-;-;-;-;-;-;-;-;-;-;1
"510760 Rondonópolis";-;1;1;-;-;-;-;-;-;-;-;-;2
"520140 Aparecida de Goiânia";-;1;-;-;-;-;-;-;-;-;-;-;1
"520330 Bela Vista de Goiás";-;1;-;-;-;-;-;-;-;-;-;-;1
"520870 Goiânia";2;1;-;1;-;-;-;-;-;-;1;1;6
"521730 Pirenópolis";-;-;1;-;-;-;-;-;-;-;-;-;1
"530010 Brasília";2;3;1;2;1;-;-;-;-;-;1;-;10
"000000 Ignorado ou exterior";1;-;-;-;-;-;-;-;-;-;-;-;1
"Total";390;351;357;270;420;29;2;1;1;3;4;96;1924
 Fonte: Ministério da Saúde/SVS - Sistema de Informação de Agravos de Notificação - Sinan Net
 Notas:
 
  Períodos Disponíveis ou período - Correspondem aos anos de notificação dos casos.
  Para tabular dados epidemiológicos de um determinado ano selecione na linha a variável de interesse, na Coluna Ano dos 1ºs sintomas;
 em Períodos Disponíveis assinale o ano inicial da série e todos os posteriores até o ano atual (p/ incluir casos notificados com atraso)
 e em Seleções Disponíveis assinale os anos dos 1ºs sintomas (ex: nº de casos com início de sintomas 2007: selecione na linha UF de residência,
 na Coluna Ano de 1ºs sintomas, em Períodos disponíveis 2007 até o ano atual e em Seleções assinale Ano de 1ºs sintomas 2007).
  Dados de 2020 do Espírito Santo não estão disponíveis neste sistema, pois são oriundos do Sistema de Informação e-SUS VS, em uso pelo estado desde janeiro de 2020.
  Dados de 2007 a 2023 atualizados em 14/04/2024.
  Dados de 2024 atualizados em 28/06/2024, sujeitos à revisão.
 * Dados disponibilizados no TABNET em julho de 2024.
 
